# Expected content of the staged learner copy ($STAGED). Generated by make_staged_manifest.py;
# do not edit. Anything else in $STAGED (indexes, results/, job logs) is an error.
path	type	bytes	md5	need	source
data	dir	-	-	required	setup.md
scripts	dir	-	-	required	setup.md
data/WT_Bcell_IR_rep1_R1.fastq.gz	file	949005941	8d9bd8e3a4fc5822eb9ee3399b13a10e	required	January 2026 staging (seqtk sample -s 42, 20 M pairs)
data/WT_Bcell_IR_rep1_R2.fastq.gz	file	890962400	7c7771b0119cd33bd0efee9f58858416	required	January 2026 staging (seqtk sample -s 42, 20 M pairs)
data/WT_Bcell_IR_rep2_R1.fastq.gz	file	967291667	9eaa9d40e6a4d569471669f4a6a32659	required	January 2026 staging (seqtk sample -s 42, 20 M pairs)
data/WT_Bcell_IR_rep2_R2.fastq.gz	file	918281133	c03fe4176813af686472edd0f42b6363	required	January 2026 staging (seqtk sample -s 42, 20 M pairs)
data/WT_Bcell_IR_rep3_R1.fastq.gz	file	1000308807	814c61cd919b0ecd6d157b641e320c7e	required	January 2026 staging (seqtk sample -s 42, 20 M pairs)
data/WT_Bcell_IR_rep3_R2.fastq.gz	file	1006315952	646b5f3c1ea5e59fb077ad9158d63bf8	required	January 2026 staging (seqtk sample -s 42, 20 M pairs)
data/WT_Bcell_IR_rep4_R1.fastq.gz	file	993893892	eb8c9e068c83ad2e497ae07e56f0cd53	required	January 2026 staging (seqtk sample -s 42, 20 M pairs)
data/WT_Bcell_IR_rep4_R2.fastq.gz	file	1023036757	66cfdd33839e73309ab71e840d68bd2f	required	January 2026 staging (seqtk sample -s 42, 20 M pairs)
data/WT_Bcell_mock_rep1_R1.fastq.gz	file	985115737	2f3674fc374419feeaca40f0a9d47695	required	January 2026 staging (seqtk sample -s 42, 20 M pairs)
data/WT_Bcell_mock_rep1_R2.fastq.gz	file	948961214	145300e277167d5c13a0f72a89cdb433	required	January 2026 staging (seqtk sample -s 42, 20 M pairs)
data/WT_Bcell_mock_rep2_R1.fastq.gz	file	975613806	72ea60173bbe2e21cdd51c3545d53437	required	January 2026 staging (seqtk sample -s 42, 20 M pairs)
data/WT_Bcell_mock_rep2_R2.fastq.gz	file	929165857	f400930fcc7be2eb8325daa98d9be6f6	required	January 2026 staging (seqtk sample -s 42, 20 M pairs)
data/WT_Bcell_mock_rep3_R1.fastq.gz	file	982934062	da8d25d9fecb3829ca4228dfba71a967	required	January 2026 staging (seqtk sample -s 42, 20 M pairs)
data/WT_Bcell_mock_rep3_R2.fastq.gz	file	946095590	08350e4982557f3e4c2719fa4d4289aa	required	January 2026 staging (seqtk sample -s 42, 20 M pairs)
data/WT_Bcell_mock_rep4_R1.fastq.gz	file	1016986602	b2c2854594e9b9a5d0082137a88156de	required	January 2026 staging (seqtk sample -s 42, 20 M pairs)
data/WT_Bcell_mock_rep4_R2.fastq.gz	file	1025170389	32f10bfb987f2fd65e1e85c8770abf05	required	January 2026 staging (seqtk sample -s 42, 20 M pairs)
data/mart.tsv	file	9547936	594e4df12cb87bc6b11850639bb975aa	required	January 2026 staging (biomaRt)
data/annot.tsv	file	3757298	c510f91debc0543a66a67a578bfdf4a9	required	January 2026 staging (biomaRt)
data/GRCm39.primary_assembly.genome.fa	file	2773693944	f7e956ab58169c9b457c93bc7ecca0a2	required	GENCODE vM38 via episode 02 (uncompressed)
data/gencode.vM38.primary_assembly.basic.annotation.gtf	file	719880823	2cfbed3ae57bc1f06819577cca107c8e	required	GENCODE vM38 via episode 02 (uncompressed)
data/gencode.vM38.transcripts.fa	file	395332576	935902bd6c9d65b1fdd946a3c268b909	required	GENCODE vM38 via episode 02 (uncompressed)
data/gencode.vM38.transcripts-clean.fa	file	371524902	22b78b1bfc2f7988d37ffa42574ae476	required	GENCODE vM38 via episode 02 (uncompressed)
data/SRR_Acc_List.txt	file	88	096ece9f9ec3a20e93daa490355f0a6c	required	the 8 workshop runs, samples.txt order
data/tx2gene.tsv	file	11797083	53aef47f2cd6bca36cbac25a639f21b6	required	episode 04b command on gencode.vM38.transcripts.fa
scripts/count_features.sh	file	670	a081391260ccbf15f7215a74c6b157d1	required	episodes, via build_kit.py
scripts/index_genome.sh	file	691	6e62d39c8f4c8297c50c6327ca10e4f8	required	episodes, via build_kit.py
scripts/index_kallisto.sh	file	490	931a3bac430e664fab56b53ca34aae57	required	episodes, via build_kit.py
scripts/map_reads.sh	file	891	0f652dfac6dcf219d7960aada73f98aa	required	episodes, via build_kit.py
scripts/quant_kallisto.sh	file	797	30678c3120f2d147a80a541fcf47c4c2	required	episodes, via build_kit.py
scripts/samples.csv	file	217	3241f73d45df2f0a3daf732321e123ff	required	episodes, via build_kit.py
scripts/samples.txt	file	144	b414119962da9cef5f15fa22a1e1575b	required	episodes, via build_kit.py
